"","run","samples","edays","egord","xseed","yseed","degord","nobjects","dev","type","k"
"1",1,0,27.6525,0,32.86,19.72,2.16666666666667,1,2.16666666666667,"IXR",2.5
"2",2,0,27.6525,0,54.22,51.86,2.16666666666667,1,2.16666666666667,"IXR",2.5
"3",3,0,27.6525,0,35.8,20.64,2.16666666666667,1,2.16666666666667,"IXR",2.5
"4",4,0,27.6525,0,43.97,40.17,2.16666666666667,1,2.16666666666667,"IXR",2.5
"5",5,0,27.6525,0,25.87,23.23,2.16666666666667,1,2.16666666666667,"IXR",2.5
"6",6,26,27.6525,1.95875217481761,17.43,49.37,2.16666666666667,1,0.207914491849061,"IXR",2.5
"7",7,42,27.6525,3.16413812855152,50.93,23.1,2.16666666666667,1,-0.997471461884849,"IXR",2.5
"8",8,2,27.6525,0.150673244216739,48.74,10.94,2.16666666666667,1,2.01599342244993,"IXR",2.5
"9",9,9,27.6525,0.678029598975325,50.7,11.9,2.16666666666667,1,1.48863706769134,"IXR",2.5
"10",10,5,27.6525,0.376683110541847,38.29,49.85,2.16666666666667,1,1.78998355612482,"IXR",2.5
"11",11,5,27.6525,0.376683110541847,34.71,46.15,2.16666666666667,1,1.78998355612482,"IXR",2.5
"12",12,14,27.6525,1.05471270951717,28.71,46.76,2.16666666666667,1,1.11195395714949,"IXR",2.5
"13",13,33,27.6525,2.48610852957619,47.99,28.84,2.16666666666667,1,-0.319441862909525,"IXR",2.5
"14",14,0,27.6525,0,47.7,52.39,2.16666666666667,1,2.16666666666667,"IXR",2.5
"15",15,125,27.6525,9.41707776354618,12.05,54.8,2.16666666666667,1,-7.25041109687951,"IXR",2.5
"16",1,22,27.6525,1.65740568638413,23.81,11.23,2.16666666666667,1,0.509260980282539,"IXR",5
"17",2,88,27.6525,6.62962274553651,33.45,41.16,2.16666666666667,1,-4.46295607886984,"IXR",5
"18",3,2,27.6525,0.150673244216739,53.4,48.23,2.16666666666667,1,2.01599342244993,"IXR",5
"19",4,22,27.6525,1.65740568638413,19.41,13.88,2.16666666666667,1,0.509260980282539,"IXR",5
"20",5,10,27.6525,0.753366221083694,16.95,24.84,2.16666666666667,1,1.41330044558297,"IXR",5
"21",6,4,27.6525,0.301346488433478,54.94,40.64,2.16666666666667,1,1.86532017823319,"IXR",5
"22",7,8,27.6525,0.602692976866955,52.04,40.78,2.16666666666667,1,1.56397368979971,"IXR",5
"23",8,72,27.6525,5.4242367918026,25.82,38.08,2.16666666666667,1,-3.25757012513593,"IXR",5
"24",9,2,27.6525,0.150673244216739,54.28,42.38,2.16666666666667,1,2.01599342244993,"IXR",5
"25",10,39,27.6525,2.93812826222641,28.47,33.58,2.16666666666667,1,-0.771461595559741,"IXR",5
"26",11,0,27.6525,0,50.26,28.3,2.16666666666667,1,2.16666666666667,"IXR",5
"27",12,14,27.6525,1.05471270951717,19.15,52.58,2.16666666666667,1,1.11195395714949,"IXR",5
"28",13,58,27.6525,4.36952408228543,33.9,49.15,2.16666666666667,1,-2.20285741561876,"IXR",5
"29",14,14,27.6525,1.05471270951717,40.74,16.82,2.16666666666667,1,1.11195395714949,"IXR",5
"30",15,14,27.6525,1.05471270951717,47.23,35.84,2.16666666666667,1,1.11195395714949,"IXR",5
"31",1,22,27.6525,1.65740568638413,22.83,50.2,2.16666666666667,1,0.509260980282539,"IXR",10
"32",2,47,27.6525,3.54082123909336,14.97,41.44,2.16666666666667,1,-1.3741545724267,"IXR",10
"33",3,70,27.6525,5.27356354758586,27.98,27.1,2.16666666666667,1,-3.10689688091919,"IXR",10
"34",4,38,27.6525,2.86279164011804,29.14,45.31,2.16666666666667,1,-0.696124973451372,"IXR",10
"35",5,30,27.6525,2.26009866325108,25.18,46.27,2.16666666666667,1,-0.0934319965844166,"IXR",10
"36",6,20,27.6525,1.50673244216739,35.27,46.1,2.16666666666667,1,0.659934224499278,"IXR",10
"37",7,7,27.6525,0.527356354758586,48.71,36.86,2.16666666666667,1,1.63931031190808,"IXR",10
"38",8,23,27.6525,1.7327423084925,33.34,37.68,2.16666666666667,1,0.433924358174169,"IXR",10
"39",9,12,27.6525,0.904039465300433,53.78,47.08,2.16666666666667,1,1.26262720136623,"IXR",10
"40",10,71,27.6525,5.34890016969423,19.99,26.85,2.16666666666667,1,-3.18223350302756,"IXR",10
"41",11,34,27.6525,2.56144515168456,40.28,14,2.16666666666667,1,-0.394778485017894,"IXR",10
"42",12,52,27.6525,3.91750434963521,27.9,34.95,2.16666666666667,1,-1.75083768296854,"IXR",10
"43",13,42,27.6525,3.16413812855152,35.67,18.1,2.16666666666667,1,-0.997471461884849,"IXR",10
"44",14,56,27.6525,4.21885083806869,27.7,17.67,2.16666666666667,1,-2.05218417140202,"IXR",10
"45",15,42,27.6525,3.16413812855152,23.93,10.68,2.16666666666667,1,-0.997471461884849,"IXR",10
"46",1,28,27.6525,2.10942541903434,43.84,51.54,2.16666666666667,1,0.0572412476323225,"IXR",20
"47",2,36,27.6525,2.7121183959013,41.55,28.51,2.16666666666667,1,-0.545451729234633,"IXR",20
"48",3,28,27.6525,2.10942541903434,37.96,37.44,2.16666666666667,1,0.0572412476323225,"IXR",20
"49",4,17,27.6525,1.28072257584228,11.36,46.16,2.16666666666667,1,0.885944090824386,"IXR",20
"50",5,24,27.6525,1.80807893060087,20.94,22.17,2.16666666666667,1,0.3585877360658,"IXR",20
"51",6,13,27.6525,0.979376087408803,12.41,16.03,2.16666666666667,1,1.18729057925786,"IXR",20
"52",7,27,27.6525,2.03408879692597,12.64,21.26,2.16666666666667,1,0.132577869740692,"IXR",20
"53",8,22,27.6525,1.65740568638413,45.86,37.33,2.16666666666667,1,0.509260980282539,"IXR",20
"54",9,28,27.6525,2.10942541903434,19.74,51.26,2.16666666666667,1,0.0572412476323225,"IXR",20
"55",10,37,27.6525,2.78745501800967,16.94,17.22,2.16666666666667,1,-0.620788351343003,"IXR",20
"56",11,23,27.6525,1.7327423084925,14.83,23.79,2.16666666666667,1,0.433924358174169,"IXR",20
"57",12,34,27.6525,2.56144515168456,15.4,45.19,2.16666666666667,1,-0.394778485017894,"IXR",20
"58",13,30,27.6525,2.26009866325108,46.83,25.77,2.16666666666667,1,-0.0934319965844166,"IXR",20
"59",14,30,27.6525,2.26009866325108,48.3,44.69,2.16666666666667,1,-0.0934319965844166,"IXR",20
"60",15,30,27.6525,2.26009866325108,24.38,31.93,2.16666666666667,1,-0.0934319965844166,"IXR",20
"61",1,31,27.6525,2.33543528535945,23.77,44.14,2.16666666666667,1,-0.168768618692786,"IXR",100
"62",2,25,27.6525,1.88341555270924,30.06,36.2,2.16666666666667,1,0.283251113957431,"IXR",100
"63",3,30,27.6525,2.26009866325108,13.2,53.45,2.16666666666667,1,-0.0934319965844166,"IXR",100
"64",4,32,27.6525,2.41077190746782,15.51,45.48,2.16666666666667,1,-0.244105240801155,"IXR",100
"65",5,21,27.6525,1.58206906427576,27.97,33.54,2.16666666666667,1,0.584597602390909,"IXR",100
"66",6,19,27.6525,1.43139582005902,34.27,50.54,2.16666666666667,1,0.735270846607647,"IXR",100
"67",7,28,27.6525,2.10942541903434,27.35,18.73,2.16666666666667,1,0.0572412476323225,"IXR",100
"68",8,29,27.6525,2.18476204114271,48.28,13.72,2.16666666666667,1,-0.0180953744760473,"IXR",100
"69",9,22,27.6525,1.65740568638413,54.93,45.94,2.16666666666667,1,0.509260980282539,"IXR",100
"70",10,24,27.6525,1.80807893060087,19.89,12.22,2.16666666666667,1,0.3585877360658,"IXR",100
"71",11,25,27.6525,1.88341555270924,12.68,29.91,2.16666666666667,1,0.283251113957431,"IXR",100
"72",12,33,27.6525,2.48610852957619,47.89,54.43,2.16666666666667,1,-0.319441862909525,"IXR",100
"73",13,19,27.6525,1.43139582005902,46.52,13.48,2.16666666666667,1,0.735270846607647,"IXR",100
"74",14,25,27.6525,1.88341555270924,22.69,11.79,2.16666666666667,1,0.283251113957431,"IXR",100
"75",15,30,27.6525,2.26009866325108,35.71,44.77,2.16666666666667,1,-0.0934319965844166,"IXR",100
"76",1,0,27.6525,0,19.76,34.9,1.08333333333333,1,1.08333333333333,"IXR",2.5
"77",2,0,27.6525,0,51.54,37.36,1.08333333333333,1,1.08333333333333,"IXR",2.5
"78",3,0,27.6525,0,30.4,42.14,1.08333333333333,1,1.08333333333333,"IXR",2.5
"79",4,0,27.6525,0,46.1,34.44,1.08333333333333,1,1.08333333333333,"IXR",2.5
"80",5,0,27.6525,0,29.95,19.27,1.08333333333333,1,1.08333333333333,"IXR",2.5
"81",6,0,27.6525,0,15.09,32.35,1.08333333333333,1,1.08333333333333,"IXR",2.5
"82",7,0,27.6525,0,28.04,45.7,1.08333333333333,1,1.08333333333333,"IXR",2.5
"83",8,0,27.6525,0,52.74,12.49,1.08333333333333,1,1.08333333333333,"IXR",2.5
"84",9,0,27.6525,0,35.34,35.22,1.08333333333333,1,1.08333333333333,"IXR",2.5
"85",10,0,27.6525,0,34.77,29.39,1.08333333333333,1,1.08333333333333,"IXR",2.5
"86",11,0,27.6525,0,32.55,15.47,1.08333333333333,1,1.08333333333333,"IXR",2.5
"87",12,50,27.6525,3.76683110541847,17.14,51.63,1.08333333333333,1,-2.68349777208514,"IXR",2.5
"88",13,0,27.6525,0,36.33,12.39,1.08333333333333,1,1.08333333333333,"IXR",2.5
"89",14,0,27.6525,0,49.85,17.11,1.08333333333333,1,1.08333333333333,"IXR",2.5
"90",15,20,27.6525,1.50673244216739,18.82,12.79,1.08333333333333,1,-0.423399108834055,"IXR",2.5
"91",1,26,27.6525,1.95875217481761,42.17,51.35,1.08333333333333,1,-0.875418841484272,"IXR",5
"92",2,44,27.6525,3.31481137276826,24.3,33.65,1.08333333333333,1,-2.23147803943492,"IXR",5
"93",3,48,27.6525,3.61615786120173,23.18,35.28,1.08333333333333,1,-2.5328245278684,"IXR",5
"94",4,66,27.6525,4.97221705915238,30.59,36.85,1.08333333333333,1,-3.88888372581905,"IXR",5
"95",5,14,27.6525,1.05471270951717,17.11,52.48,1.08333333333333,1,0.0286206238161613,"IXR",5
"96",6,19,27.6525,1.43139582005902,25.8,10,1.08333333333333,1,-0.348062486725686,"IXR",5
"97",7,17,27.6525,1.28072257584228,38.25,29.19,1.08333333333333,1,-0.197389242508947,"IXR",5
"98",8,2,27.6525,0.150673244216739,12.09,27.04,1.08333333333333,1,0.932660089116594,"IXR",5
"99",9,26,27.6525,1.95875217481761,38.6,13.09,1.08333333333333,1,-0.875418841484272,"IXR",5
"100",10,2,27.6525,0.150673244216739,13.7,26.24,1.08333333333333,1,0.932660089116594,"IXR",5
"101",11,12,27.6525,0.904039465300433,49.86,37.17,1.08333333333333,1,0.1792938680329,"IXR",5
"102",12,42,27.6525,3.16413812855152,25.86,33.7,1.08333333333333,1,-2.08080479521818,"IXR",5
"103",13,9,27.6525,0.678029598975325,27.06,27.5,1.08333333333333,1,0.405303734358008,"IXR",5
"104",14,8,27.6525,0.602692976866955,32.3,18.64,1.08333333333333,1,0.480640356466378,"IXR",5
"105",15,32,27.6525,2.41077190746782,17.43,35.32,1.08333333333333,1,-1.32743857413449,"IXR",5
"106",1,3,27.6525,0.226009866325108,24.43,50.36,1.08333333333333,1,0.857323467008225,"IXR",10
"107",2,29,27.6525,2.18476204114271,22.98,35.02,1.08333333333333,1,-1.10142870780938,"IXR",10
"108",3,0,27.6525,0,28.46,53.4,1.08333333333333,1,1.08333333333333,"IXR",10
"109",4,7,27.6525,0.527356354758586,20.29,46.3,1.08333333333333,1,0.555976978574747,"IXR",10
"110",5,28,27.6525,2.10942541903434,19.4,31.88,1.08333333333333,1,-1.02609208570101,"IXR",10
"111",6,71,27.6525,5.34890016969423,18.06,14.68,1.08333333333333,1,-4.2655668363609,"IXR",10
"112",7,0,27.6525,0,45.83,49.63,1.08333333333333,1,1.08333333333333,"IXR",10
"113",8,16,27.6525,1.20538595373391,42.67,26.14,1.08333333333333,1,-0.122052620400578,"IXR",10
"114",9,59,27.6525,4.4448607043938,17.97,18.37,1.08333333333333,1,-3.36152737106046,"IXR",10
"115",10,12,27.6525,0.904039465300433,42.61,14.88,1.08333333333333,1,0.1792938680329,"IXR",10
"116",11,47,27.6525,3.54082123909336,12.03,15.35,1.08333333333333,1,-2.45748790576003,"IXR",10
"117",12,46,27.6525,3.46548461698499,13.86,29.05,1.08333333333333,1,-2.38215128365166,"IXR",10
"118",13,34,27.6525,2.56144515168456,32.09,18.56,1.08333333333333,1,-1.47811181835123,"IXR",10
"119",14,29,27.6525,2.18476204114271,29.38,29.78,1.08333333333333,1,-1.10142870780938,"IXR",10
"120",15,1,27.6525,0.0753366221083694,45.49,34.22,1.08333333333333,1,1.00799671122496,"IXR",10
"121",1,9,27.6525,0.678029598975325,54.63,51.27,1.08333333333333,1,0.405303734358008,"IXR",20
"122",2,17,27.6525,1.28072257584228,46.14,46.57,1.08333333333333,1,-0.197389242508947,"IXR",20
"123",3,22,27.6525,1.65740568638413,48.8,34.25,1.08333333333333,1,-0.574072353050794,"IXR",20
"124",4,17,27.6525,1.28072257584228,27.86,19.79,1.08333333333333,1,-0.197389242508947,"IXR",20
"125",5,18,27.6525,1.35605919795065,23.82,13.46,1.08333333333333,1,-0.272725864617317,"IXR",20
"126",6,6,27.6525,0.452019732650217,11.82,22.86,1.08333333333333,1,0.631313600683117,"IXR",20
"127",7,13,27.6525,0.979376087408803,13.96,33.84,1.08333333333333,1,0.103957245924531,"IXR",20
"128",8,17,27.6525,1.28072257584228,17.01,33.09,1.08333333333333,1,-0.197389242508947,"IXR",20
"129",9,19,27.6525,1.43139582005902,38.06,54.92,1.08333333333333,1,-0.348062486725686,"IXR",20
"130",10,14,27.6525,1.05471270951717,13.02,47.99,1.08333333333333,1,0.0286206238161613,"IXR",20
"131",11,7,27.6525,0.527356354758586,51.76,36.59,1.08333333333333,1,0.555976978574747,"IXR",20
"132",12,16,27.6525,1.20538595373391,10.61,16.11,1.08333333333333,1,-0.122052620400578,"IXR",20
"133",13,9,27.6525,0.678029598975325,29.16,35.52,1.08333333333333,1,0.405303734358008,"IXR",20
"134",14,12,27.6525,0.904039465300433,41.56,37.25,1.08333333333333,1,0.1792938680329,"IXR",20
"135",15,15,27.6525,1.13004933162554,13.9,18.27,1.08333333333333,1,-0.0467159982922083,"IXR",20
"136",1,13,27.6525,0.979376087408803,11.12,11.52,1.08333333333333,1,0.103957245924531,"IXR",100
"137",2,18,27.6525,1.35605919795065,42.93,18.72,1.08333333333333,1,-0.272725864617317,"IXR",100
"138",3,20,27.6525,1.50673244216739,20.82,49.73,1.08333333333333,1,-0.423399108834055,"IXR",100
"139",4,14,27.6525,1.05471270951717,44.7,34.96,1.08333333333333,1,0.0286206238161613,"IXR",100
"140",5,23,27.6525,1.7327423084925,32.47,42.69,1.08333333333333,1,-0.649408975159164,"IXR",100
"141",6,17,27.6525,1.28072257584228,27.86,28.78,1.08333333333333,1,-0.197389242508947,"IXR",100
"142",7,13,27.6525,0.979376087408803,24.94,19.26,1.08333333333333,1,0.103957245924531,"IXR",100
"143",8,15,27.6525,1.13004933162554,13.08,41.51,1.08333333333333,1,-0.0467159982922083,"IXR",100
"144",9,19,27.6525,1.43139582005902,40.08,42.1,1.08333333333333,1,-0.348062486725686,"IXR",100
"145",10,18,27.6525,1.35605919795065,52.53,35.36,1.08333333333333,1,-0.272725864617317,"IXR",100
"146",11,13,27.6525,0.979376087408803,17.23,40.7,1.08333333333333,1,0.103957245924531,"IXR",100
"147",12,17,27.6525,1.28072257584228,14.31,44.92,1.08333333333333,1,-0.197389242508947,"IXR",100
"148",13,19,27.6525,1.43139582005902,11.88,31.85,1.08333333333333,1,-0.348062486725686,"IXR",100
"149",14,20,27.6525,1.50673244216739,10.67,23.13,1.08333333333333,1,-0.423399108834055,"IXR",100
"150",15,14,27.6525,1.05471270951717,37.23,22.11,1.08333333333333,1,0.0286206238161613,"IXR",100
"151",1,0,27.6525,0,30.07,51.62,0.541664694280079,1,0.541664694280079,"IXR",2.5
"152",2,0,27.6525,0,15.15,37.09,0.541664694280079,1,0.541664694280079,"IXR",2.5
"153",3,5,27.6525,0.376683110541847,11.9,24.84,0.541664694280079,1,0.164981583738232,"IXR",2.5
"154",4,0,27.6525,0,40.65,33.9,0.541664694280079,1,0.541664694280079,"IXR",2.5
"155",5,0,27.6525,0,39.23,16.16,0.541664694280079,1,0.541664694280079,"IXR",2.5
"156",6,0,27.6525,0,36.82,49.4,0.541664694280079,1,0.541664694280079,"IXR",2.5
"157",7,0,27.6525,0,52.77,14.74,0.541664694280079,1,0.541664694280079,"IXR",2.5
"158",8,0,27.6525,0,48.85,40.37,0.541664694280079,1,0.541664694280079,"IXR",2.5
"159",9,1,27.6525,0.0753366221083694,13.95,25.81,0.541664694280079,1,0.466328072171709,"IXR",2.5
"160",10,0,27.6525,0,49.3,11.78,0.541664694280079,1,0.541664694280079,"IXR",2.5
"161",11,0,27.6525,0,43.12,41.82,0.541664694280079,1,0.541664694280079,"IXR",2.5
"162",12,0,27.6525,0,32.8,30.06,0.541664694280079,1,0.541664694280079,"IXR",2.5
"163",13,2,27.6525,0.150673244216739,13.48,20.17,0.541664694280079,1,0.39099145006334,"IXR",2.5
"164",14,0,27.6525,0,48.08,27.68,0.541664694280079,1,0.541664694280079,"IXR",2.5
"165",15,0,27.6525,0,26.55,38.6,0.541664694280079,1,0.541664694280079,"IXR",2.5
"166",1,22,27.6525,1.65740568638413,25.5,33.28,0.541664694280079,1,-1.11574099210405,"IXR",5
"167",2,11,27.6525,0.828702843192064,11.34,48.54,0.541664694280079,1,-0.287038148911985,"IXR",5
"168",3,6,27.6525,0.452019732650217,28.92,27.41,0.541664694280079,1,0.0896449616298623,"IXR",5
"169",4,25,27.6525,1.88341555270924,36.56,39.47,0.541664694280079,1,-1.34175085842916,"IXR",5
"170",5,0,27.6525,0,19.39,16.12,0.541664694280079,1,0.541664694280079,"IXR",5
"171",6,15,27.6525,1.13004933162554,41.12,43.85,0.541664694280079,1,-0.588384637345463,"IXR",5
"172",7,0,27.6525,0,38.41,18.37,0.541664694280079,1,0.541664694280079,"IXR",5
"173",8,5,27.6525,0.376683110541847,48.47,45.18,0.541664694280079,1,0.164981583738232,"IXR",5
"174",9,76,27.6525,5.72558328023608,25.89,46.57,0.541664694280079,1,-5.183918585956,"IXR",5
"175",10,0,27.6525,0,46.78,32.76,0.541664694280079,1,0.541664694280079,"IXR",5
"176",11,66,27.6525,4.97221705915238,28.32,43.38,0.541664694280079,1,-4.4305523648723,"IXR",5
"177",12,0,27.6525,0,18.8,11.01,0.541664694280079,1,0.541664694280079,"IXR",5
"178",13,7,27.6525,0.527356354758586,49.1,45.75,0.541664694280079,1,0.0143083395214929,"IXR",5
"179",14,0,27.6525,0,39.15,23.22,0.541664694280079,1,0.541664694280079,"IXR",5
"180",15,6,27.6525,0.452019732650217,30.86,28.61,0.541664694280079,1,0.0896449616298623,"IXR",5
"181",1,5,27.6525,0.376683110541847,26.45,42.43,0.541664694280079,1,0.164981583738232,"IXR",10
"182",2,20,27.6525,1.50673244216739,15.41,13.18,0.541664694280079,1,-0.96506774788731,"IXR",10
"183",3,0,27.6525,0,52.59,27.64,0.541664694280079,1,0.541664694280079,"IXR",10
"184",4,3,27.6525,0.226009866325108,38.6,26.12,0.541664694280079,1,0.315654827954971,"IXR",10
"185",5,5,27.6525,0.376683110541847,23.45,45.62,0.541664694280079,1,0.164981583738232,"IXR",10
"186",6,15,27.6525,1.13004933162554,29.51,22.48,0.541664694280079,1,-0.588384637345463,"IXR",10
"187",7,8,27.6525,0.602692976866955,17.73,43.46,0.541664694280079,1,-0.0610282825868765,"IXR",10
"188",8,0,27.6525,0,53.13,54.31,0.541664694280079,1,0.541664694280079,"IXR",10
"189",9,1,27.6525,0.0753366221083694,43.91,16.61,0.541664694280079,1,0.466328072171709,"IXR",10
"190",10,10,27.6525,0.753366221083694,31.33,21.74,0.541664694280079,1,-0.211701526803615,"IXR",10
"191",11,10,27.6525,0.753366221083694,14.22,48.9,0.541664694280079,1,-0.211701526803615,"IXR",10
"192",12,1,27.6525,0.0753366221083694,46.02,28.88,0.541664694280079,1,0.466328072171709,"IXR",10
"193",13,0,27.6525,0,51.14,33.64,0.541664694280079,1,0.541664694280079,"IXR",10
"194",14,6,27.6525,0.452019732650217,13.91,49.3,0.541664694280079,1,0.0896449616298623,"IXR",10
"195",15,0,27.6525,0,46.12,24.07,0.541664694280079,1,0.541664694280079,"IXR",10
"196",1,13,27.6525,0.979376087408803,50.62,22.81,0.541664694280079,1,-0.437711393128724,"IXR",20
"197",2,11,27.6525,0.828702843192064,54.33,49.36,0.541664694280079,1,-0.287038148911985,"IXR",20
"198",3,7,27.6525,0.527356354758586,30.21,25.68,0.541664694280079,1,0.0143083395214929,"IXR",20
"199",4,5,27.6525,0.376683110541847,44.8,54.19,0.541664694280079,1,0.164981583738232,"IXR",20
"200",5,16,27.6525,1.20538595373391,53.97,21.99,0.541664694280079,1,-0.663721259453832,"IXR",20
"201",6,13,27.6525,0.979376087408803,49.75,20.69,0.541664694280079,1,-0.437711393128724,"IXR",20
"202",7,7,27.6525,0.527356354758586,23.18,19.57,0.541664694280079,1,0.0143083395214929,"IXR",20
"203",8,8,27.6525,0.602692976866955,18.21,46.05,0.541664694280079,1,-0.0610282825868765,"IXR",20
"204",9,10,27.6525,0.753366221083694,44.65,40.4,0.541664694280079,1,-0.211701526803615,"IXR",20
"205",10,13,27.6525,0.979376087408803,51.08,19.39,0.541664694280079,1,-0.437711393128724,"IXR",20
"206",11,11,27.6525,0.828702843192064,46.51,13.43,0.541664694280079,1,-0.287038148911985,"IXR",20
"207",12,1,27.6525,0.0753366221083694,52.66,52.38,0.541664694280079,1,0.466328072171709,"IXR",20
"208",13,7,27.6525,0.527356354758586,16.65,48.24,0.541664694280079,1,0.0143083395214929,"IXR",20
"209",14,9,27.6525,0.678029598975325,16.74,33.22,0.541664694280079,1,-0.136364904695246,"IXR",20
"210",15,13,27.6525,0.979376087408803,29.89,21.09,0.541664694280079,1,-0.437711393128724,"IXR",20
"211",1,4,27.6525,0.301346488433478,43.03,16.35,0.541664694280079,1,0.240318205846601,"IXR",100
"212",2,9,27.6525,0.678029598975325,24.03,32.06,0.541664694280079,1,-0.136364904695246,"IXR",100
"213",3,7,27.6525,0.527356354758586,18.58,53.06,0.541664694280079,1,0.0143083395214929,"IXR",100
"214",4,8,27.6525,0.602692976866955,52.82,15.4,0.541664694280079,1,-0.0610282825868765,"IXR",100
"215",5,5,27.6525,0.376683110541847,53.78,14.61,0.541664694280079,1,0.164981583738232,"IXR",100
"216",6,7,27.6525,0.527356354758586,36.15,17.37,0.541664694280079,1,0.0143083395214929,"IXR",100
"217",7,9,27.6525,0.678029598975325,10.15,37.74,0.541664694280079,1,-0.136364904695246,"IXR",100
"218",8,5,27.6525,0.376683110541847,51.52,49.31,0.541664694280079,1,0.164981583738232,"IXR",100
"219",9,10,27.6525,0.753366221083694,28.52,50.08,0.541664694280079,1,-0.211701526803615,"IXR",100
"220",10,7,27.6525,0.527356354758586,35.17,45.27,0.541664694280079,1,0.0143083395214929,"IXR",100
"221",11,9,27.6525,0.678029598975325,12.15,47.6,0.541664694280079,1,-0.136364904695246,"IXR",100
"222",12,9,27.6525,0.678029598975325,45.36,47.35,0.541664694280079,1,-0.136364904695246,"IXR",100
"223",13,9,27.6525,0.678029598975325,48.15,18.64,0.541664694280079,1,-0.136364904695246,"IXR",100
"224",14,7,27.6525,0.527356354758586,45.7,29.34,0.541664694280079,1,0.0143083395214929,"IXR",100
"225",15,7,27.6525,0.527356354758586,38.35,46.78,0.541664694280079,1,0.0143083395214929,"IXR",100
"226",1,22,27.6525,1.65740568638413,32.3398397532514,41.9592182699836,2.16666666666667,1,0.509260980282539,"IXT",2.5
"227",2,88,27.6525,6.62962274553651,54.8718033647386,24.7806135209517,2.16666666666667,1,-4.46295607886984,"IXT",2.5
"228",3,86,27.6525,6.47894950131977,53.8064896055714,24.2548839072503,2.16666666666667,1,-4.31228283465311,"IXT",2.5
"229",4,13,27.6525,0.979376087408803,28.4097493266779,36.7357874940993,2.16666666666667,1,1.18729057925786,"IXT",2.5
"230",5,16,27.6525,1.20538595373391,32.4333487289161,39.0785978292036,2.16666666666667,1,0.961280712932756,"IXT",2.5
"231",6,24,27.6525,1.80807893060087,26.9915193050028,42.3380522000665,2.16666666666667,1,0.3585877360658,"IXT",2.5
"232",7,16,27.6525,1.20538595373391,32.3000181685126,39.3415617713076,2.16666666666667,1,0.961280712932756,"IXT",2.5
"233",8,10,27.6525,0.753366221083694,26.0109582638791,37.5087660421148,2.16666666666667,1,1.41330044558297,"IXT",2.5
"234",9,15,27.6525,1.13004933162554,28.6475629485621,44.5513079205497,2.16666666666667,1,1.03661733504112,"IXT",2.5
"235",10,109,27.6525,8.21169180981227,11.3484490129173,54.4206451751354,2.16666666666667,1,-6.0450251431456,"IXT",2.5
"236",11,73,27.6525,5.49957341391097,54.75542769356,20.1483060873201,2.16666666666667,1,-3.3329067472443,"IXT",2.5
"237",12,68,27.6525,5.12289030336912,51.3596463006098,22.766871184351,2.16666666666667,1,-2.95622363670246,"IXT",2.5
"238",13,79,27.6525,5.95159314656119,53.5407537624369,23.0750462204506,2.16666666666667,1,-3.78492647989452,"IXT",2.5
"239",14,25,27.6525,1.88341555270924,30.1137064309321,42.2178372358673,2.16666666666667,1,0.283251113957431,"IXT",2.5
"240",15,107,27.6525,8.06101856559553,10.0250119935015,16.9390553586925,2.16666666666667,1,-5.89435189892886,"IXT",2.5
"241",1,62,27.6525,4.67087057071891,34.021121013718,36.0627080211918,2.16666666666667,1,-2.50420390405224,"IXT",5
"242",2,61,27.6525,4.59553394861054,11.503008613703,15.2153190531537,2.16666666666667,1,-2.42886728194387,"IXT",5
"243",3,73,27.6525,5.49957341391097,52.1184104273962,11.2939575489679,2.16666666666667,1,-3.3329067472443,"IXT",5
"244",4,32,27.6525,2.41077190746782,36.6888675513467,13.5946105535918,2.16666666666667,1,-0.244105240801155,"IXT",5
"245",5,71,27.6525,5.34890016969423,36.8311561044011,40.0303675463865,2.16666666666667,1,-3.18223350302756,"IXT",5
"246",6,91,27.6525,6.85563261186162,37.5884403814213,40.7935045648788,2.16666666666667,1,-4.68896594519495,"IXT",5
"247",7,8,27.6525,0.602692976866955,22.0079265516121,26.8212896338645,2.16666666666667,1,1.56397368979971,"IXT",5
"248",8,69,27.6525,5.19822692547749,31.4886059450656,46.8194575196275,2.16666666666667,1,-3.03156025881082,"IXT",5
"249",9,66,27.6525,4.97221705915238,38.6868407487517,37.7443593459368,2.16666666666667,1,-2.80555039248572,"IXT",5
"250",10,44,27.6525,3.31481137276826,10.0383431550687,29.3119383062486,2.16666666666667,1,-1.14814470610159,"IXT",5
"251",11,47,27.6525,3.54082123909336,33.9498996572459,11.4517074611947,2.16666666666667,1,-1.3741545724267,"IXT",5
"252",12,43,27.6525,3.23947475065989,51.6294557316437,14.7848085590866,2.16666666666667,1,-1.07280808399322,"IXT",5
"253",13,35,27.6525,2.63678177379293,14.6773304933074,18.3535733980718,2.16666666666667,1,-0.470115107126264,"IXT",5
"254",14,46,27.6525,3.46548461698499,17.3010428263513,46.9108303943673,2.16666666666667,1,-1.29881795031833,"IXT",5
"255",15,62,27.6525,4.67087057071891,32.3991191239162,47.0417613134499,2.16666666666667,1,-2.50420390405224,"IXT",5
"256",1,45,27.6525,3.39014799487662,37.3796306062667,17.4910451385138,2.16666666666667,1,-1.22348132820996,"IXT",10
"257",2,73,27.6525,5.49957341391097,14.7644911258539,25.2610484559156,2.16666666666667,1,-3.3329067472443,"IXT",10
"258",3,38,27.6525,2.86279164011804,34.4367049803516,23.5508925606432,2.16666666666667,1,-0.696124973451372,"IXT",10
"259",4,23,27.6525,1.7327423084925,36.3385342116161,35.9012609584753,2.16666666666667,1,0.433924358174169,"IXT",10
"260",5,16,27.6525,1.20538595373391,11.4684459425614,49.1881244828443,2.16666666666667,1,0.961280712932756,"IXT",10
"261",6,29,27.6525,2.18476204114271,16.9441406003396,44.1474202339857,2.16666666666667,1,-0.0180953744760473,"IXT",10
"262",7,41,27.6525,3.08880150644315,25.4683176005159,38.2217022915262,2.16666666666667,1,-0.922134839776481,"IXT",10
"263",8,39,27.6525,2.93812826222641,44.9009102915601,15.7253657009125,2.16666666666667,1,-0.771461595559741,"IXT",10
"264",9,18,27.6525,1.35605919795065,42.926570011816,42.8488067403595,2.16666666666667,1,0.810607468716017,"IXT",10
"265",10,72,27.6525,5.4242367918026,13.2926522069202,20.3410107646526,2.16666666666667,1,-3.25757012513593,"IXT",10
"266",11,8,27.6525,0.602692976866955,54.5255344342592,34.0502810357636,2.16666666666667,1,1.56397368979971,"IXT",10
"267",12,38,27.6525,2.86279164011804,21.5857237414785,39.6718767821844,2.16666666666667,1,-0.696124973451372,"IXT",10
"268",13,44,27.6525,3.31481137276826,39.3323508673751,14.9219566781261,2.16666666666667,1,-1.14814470610159,"IXT",10
"269",14,34,27.6525,2.56144515168456,20.6714062750534,37.9985340796724,2.16666666666667,1,-0.394778485017894,"IXT",10
"270",15,19,27.6525,1.43139582005902,12.2772327562525,49.2588501670558,2.16666666666667,1,0.735270846607647,"IXT",10
"271",1,32,27.6525,2.41077190746782,35.8815193900141,30.3547757490367,2.16666666666667,1,-0.244105240801155,"IXT",20
"272",2,28,27.6525,2.10942541903434,19.0346824188844,42.3159347224771,2.16666666666667,1,0.0572412476323225,"IXT",20
"273",3,29,27.6525,2.18476204114271,52.4862761439993,47.310662193608,2.16666666666667,1,-0.0180953744760473,"IXT",20
"274",4,30,27.6525,2.26009866325108,52.3766565366119,41.3032535933522,2.16666666666667,1,-0.0934319965844166,"IXT",20
"275",5,40,27.6525,3.01346488433478,37.9059084189963,15.1214534503873,2.16666666666667,1,-0.846798217668111,"IXT",20
"276",6,39,27.6525,2.93812826222641,36.9869448034007,45.8294525379832,2.16666666666667,1,-0.771461595559741,"IXT",20
"277",7,35,27.6525,2.63678177379293,47.2815053113484,26.9693922397572,2.16666666666667,1,-0.470115107126264,"IXT",20
"278",8,29,27.6525,2.18476204114271,47.7567877459947,27.4080977970247,2.16666666666667,1,-0.0180953744760473,"IXT",20
"279",9,31,27.6525,2.33543528535945,26.0659300442778,40.4690975301492,2.16666666666667,1,-0.168768618692786,"IXT",20
"280",10,36,27.6525,2.7121183959013,35.6666935612442,49.2916760359587,2.16666666666667,1,-0.545451729234633,"IXT",20
"281",11,35,27.6525,2.63678177379293,38.3298136726818,26.4806666677792,2.16666666666667,1,-0.470115107126264,"IXT",20
"282",12,39,27.6525,2.93812826222641,29.897134121967,12.4334612421166,2.16666666666667,1,-0.771461595559741,"IXT",20
"283",13,20,27.6525,1.50673244216739,17.3772542603274,20.3061998525747,2.16666666666667,1,0.659934224499278,"IXT",20
"284",14,24,27.6525,1.80807893060087,49.5144885918308,11.1723538994283,2.16666666666667,1,0.3585877360658,"IXT",20
"285",15,21,27.6525,1.58206906427576,21.9407303684553,49.7188554040142,2.16666666666667,1,0.584597602390909,"IXT",20
"286",1,33,27.6525,2.48610852957619,19.60104,27.41922,2.16666666666667,1,-0.319441862909525,"IXT",100
"287",2,29,27.6525,2.18476204114271,34.52898,53.04571,2.16666666666667,1,-0.0180953744760473,"IXT",100
"288",3,23,27.6525,1.7327423084925,41.48607,30.57639,2.16666666666667,1,0.433924358174169,"IXT",100
"289",4,40,27.6525,3.01346488433478,17.23923,43.13951,2.16666666666667,1,-0.846798217668111,"IXT",100
"290",5,26,27.6525,1.95875217481761,17.4325,32.96281,2.16666666666667,1,0.207914491849061,"IXT",100
"291",6,30,27.6525,2.26009866325108,16.60606,43.60172,2.16666666666667,1,-0.0934319965844166,"IXT",100
"292",7,32,27.6525,2.41077190746782,30.63164,11.79181,2.16666666666667,1,-0.244105240801155,"IXT",100
"293",8,31,27.6525,2.33543528535945,29.41527,40.16984,2.16666666666667,1,-0.168768618692786,"IXT",100
"294",9,28,27.6525,2.10942541903434,22.03558,15.53496,2.16666666666667,1,0.0572412476323225,"IXT",100
"295",10,34,27.6525,2.56144515168456,11.94527,17.40152,2.16666666666667,1,-0.394778485017894,"IXT",100
"296",11,42,27.6525,3.16413812855152,15.04134,43.17613,2.16666666666667,1,-0.997471461884849,"IXT",100
"297",12,33,27.6525,2.48610852957619,44.68679,45.7394,2.16666666666667,1,-0.319441862909525,"IXT",100
"298",13,24,27.6525,1.80807893060087,50.52962,24.90632,2.16666666666667,1,0.3585877360658,"IXT",100
"299",14,24,27.6525,1.80807893060087,40.849,27.1834,2.16666666666667,1,0.3585877360658,"IXT",100
"300",15,35,27.6525,2.63678177379293,18.68577,16.6725,2.16666666666667,1,-0.470115107126264,"IXT",100
"301",1,97,27.6525,7.30765234451184,16.7967169529157,54.487500425551,1.08333333333333,1,-6.2243190111785,"IXT",2.5
"302",2,71,27.6525,5.34890016969423,10.9812681509258,53.2977053306793,1.08333333333333,1,-4.2655668363609,"IXT",2.5
"303",3,67,27.6525,5.04755368126075,10.6892555427857,54.5487636402708,1.08333333333333,1,-3.96422034792742,"IXT",2.5
"304",4,84,27.6525,6.32827625710303,13.3380916394948,53.9887357552127,1.08333333333333,1,-5.2449429237697,"IXT",2.5
"305",5,80,27.6525,6.02692976866955,12.9412499388938,54.3025140674314,1.08333333333333,1,-4.94359643533622,"IXT",2.5
"306",6,78,27.6525,5.87625652445282,16.6901078124194,54.283935146421,1.08333333333333,1,-4.79292319111948,"IXT",2.5
"307",7,92,27.6525,6.93096923396999,11.9380865112855,54.7047914218265,1.08333333333333,1,-5.84763590063666,"IXT",2.5
"308",8,73,27.6525,5.49957341391097,12.3766363840172,54.6712108807679,1.08333333333333,1,-4.41624008057764,"IXT",2.5
"309",9,69,27.6525,5.19822692547749,10.7735433641965,54.5958408649743,1.08333333333333,1,-4.11489359214416,"IXT",2.5
"310",10,56,27.6525,4.21885083806869,15.185488179771,53.4784453099233,1.08333333333333,1,-3.13551750473535,"IXT",2.5
"311",11,89,27.6525,6.70495936764488,15.4973845009797,54.4568324022625,1.08333333333333,1,-5.62162603431155,"IXT",2.5
"312",12,82,27.6525,6.17760301288629,12.9039501427685,54.2617238107427,1.08333333333333,1,-5.09426967955296,"IXT",2.5
"313",13,65,27.6525,4.89688043704401,13.8596204417692,54.7620757495185,1.08333333333333,1,-3.81354710371068,"IXT",2.5
"314",14,62,27.6525,4.67087057071891,11.6399808027215,52.8815454816943,1.08333333333333,1,-3.58753723738557,"IXT",2.5
"315",15,75,27.6525,5.65024665812771,12.539412662759,54.4255924093154,1.08333333333333,1,-4.56691332479437,"IXT",2.5
"316",1,78,27.6525,5.87625652445282,29.4275432127582,38.4192902780505,1.08333333333333,1,-4.79292319111948,"IXT",5
"317",2,75,27.6525,5.65024665812771,26.9166495801693,41.1245287398665,1.08333333333333,1,-4.56691332479437,"IXT",5
"318",3,78,27.6525,5.87625652445282,22.9043549677973,42.9420966102361,1.08333333333333,1,-4.79292319111948,"IXT",5
"319",4,79,27.6525,5.95159314656119,39.8137753420593,42.8252408601829,1.08333333333333,1,-4.86825981322785,"IXT",5
"320",5,76,27.6525,5.72558328023608,35.4996843953507,38.1590919526135,1.08333333333333,1,-4.64224994690274,"IXT",5
"321",6,77,27.6525,5.80091990234445,22.1326225071681,45.0887758241599,1.08333333333333,1,-4.71758656901111,"IXT",5
"322",7,84,27.6525,6.32827625710303,36.3294061904028,43.0486831747194,1.08333333333333,1,-5.2449429237697,"IXT",5
"323",8,86,27.6525,6.47894950131977,28.4387224707699,44.1161725705663,1.08333333333333,1,-5.39561616798644,"IXT",5
"324",9,42,27.6525,3.16413812855152,20.4365883961795,35.2087757276921,1.08333333333333,1,-2.08080479521818,"IXT",5
"325",10,65,27.6525,4.89688043704401,21.0464918188604,43.1432655232841,1.08333333333333,1,-3.81354710371068,"IXT",5
"326",11,74,27.6525,5.57491003601934,38.7697984390708,40.3334822850505,1.08333333333333,1,-4.49157670268601,"IXT",5
"327",12,63,27.6525,4.74620719282727,40.5142470615107,39.4610033568432,1.08333333333333,1,-3.66287385949394,"IXT",5
"328",13,48,27.6525,3.61615786120173,19.4578829964593,37.2051384225879,1.08333333333333,1,-2.5328245278684,"IXT",5
"329",14,67,27.6525,5.04755368126075,34.4138593276573,46.8539965156382,1.08333333333333,1,-3.96422034792742,"IXT",5
"330",15,9,27.6525,0.678029598975325,12.8224358506277,51.9990501344495,1.08333333333333,1,0.405303734358008,"IXT",5
"331",1,16,27.6525,1.20538595373391,31.7937389935914,37.5982237664052,1.08333333333333,1,-0.122052620400578,"IXT",10
"332",2,45,27.6525,3.39014799487662,29.9220332430469,10.1739137750316,1.08333333333333,1,-2.30681466154329,"IXT",10
"333",3,42,27.6525,3.16413812855152,28.6459556618345,17.1427703857388,1.08333333333333,1,-2.08080479521818,"IXT",10
"334",4,11,27.6525,0.828702843192064,40.5839801608117,29.4167737918251,1.08333333333333,1,0.254630490141269,"IXT",10
"335",5,32,27.6525,2.41077190746782,37.5129311350105,14.4154153630469,1.08333333333333,1,-1.32743857413449,"IXT",10
"336",6,27,27.6525,2.03408879692597,19.0188057065201,34.1316029411414,1.08333333333333,1,-0.950755463592641,"IXT",10
"337",7,58,27.6525,4.36952408228543,21.6123585212831,14.1915750192624,1.08333333333333,1,-3.28619074895209,"IXT",10
"338",8,62,27.6525,4.67087057071891,19.3784050993322,17.9816696691964,1.08333333333333,1,-3.58753723738557,"IXT",10
"339",9,11,27.6525,0.828702843192064,44.5684606978246,23.1481763344884,1.08333333333333,1,0.254630490141269,"IXT",10
"340",10,35,27.6525,2.63678177379293,12.1173073014164,10.2963198057141,1.08333333333333,1,-1.5534484404596,"IXT",10
"341",11,35,27.6525,2.63678177379293,16.2055727488599,33.4593868729556,1.08333333333333,1,-1.5534484404596,"IXT",10
"342",12,51,27.6525,3.84216772752684,13.8941606489409,33.3657441162481,1.08333333333333,1,-2.75883439419351,"IXT",10
"343",13,27,27.6525,2.03408879692597,33.9814845247347,22.4296170107342,1.08333333333333,1,-0.950755463592641,"IXT",10
"344",14,43,27.6525,3.23947475065989,25.9525170440456,23.5889734113553,1.08333333333333,1,-2.15614141732655,"IXT",10
"345",15,46,27.6525,3.46548461698499,20.5723617867633,12.2531300860309,1.08333333333333,1,-2.38215128365166,"IXT",10
"346",1,19,27.6525,1.43139582005902,44.8468685462477,53.8754340335623,1.08333333333333,1,-0.348062486725686,"IXT",20
"347",2,13,27.6525,0.979376087408803,14.2000059934894,54.8621262855424,1.08333333333333,1,0.103957245924531,"IXT",20
"348",3,22,27.6525,1.65740568638413,42.2490786024321,44.5003038863618,1.08333333333333,1,-0.574072353050794,"IXT",20
"349",4,11,27.6525,0.828702843192064,33.1309865385318,24.7471891079804,1.08333333333333,1,0.254630490141269,"IXT",20
"350",5,13,27.6525,0.979376087408803,35.5135946982594,26.4322459160067,1.08333333333333,1,0.103957245924531,"IXT",20
"351",6,17,27.6525,1.28072257584228,28.5084119596192,19.6227055083125,1.08333333333333,1,-0.197389242508947,"IXT",20
"352",7,15,27.6525,1.13004933162554,16.9949906099754,38.7835751386449,1.08333333333333,1,-0.0467159982922083,"IXT",20
"353",8,15,27.6525,1.13004933162554,21.4892894102529,22.3605466756899,1.08333333333333,1,-0.0467159982922083,"IXT",20
"354",9,14,27.6525,1.05471270951717,50.6545762304306,16.4273780037936,1.08333333333333,1,0.0286206238161613,"IXT",20
"355",10,17,27.6525,1.28072257584228,40.7454669865139,46.645289882643,1.08333333333333,1,-0.197389242508947,"IXT",20
"356",11,18,27.6525,1.35605919795065,41.7510093509739,41.2044327305379,1.08333333333333,1,-0.272725864617317,"IXT",20
"357",12,16,27.6525,1.20538595373391,49.0875784841579,19.2388173624597,1.08333333333333,1,-0.122052620400578,"IXT",20
"358",13,13,27.6525,0.979376087408803,26.8540587396832,54.8696064855754,1.08333333333333,1,0.103957245924531,"IXT",20
"359",14,13,27.6525,0.979376087408803,12.6977739883055,13.3560167370479,1.08333333333333,1,0.103957245924531,"IXT",20
"360",15,18,27.6525,1.35605919795065,40.7948908903068,52.4904091162598,1.08333333333333,1,-0.272725864617317,"IXT",20
"361",1,13,27.6525,0.979376087408803,47.76187,13.04839,1.08333333333333,1,0.103957245924531,"IXT",100
"362",2,13,27.6525,0.979376087408803,29.17817,17.81006,1.08333333333333,1,0.103957245924531,"IXT",100
"363",3,16,27.6525,1.20538595373391,28.92645,26.50884,1.08333333333333,1,-0.122052620400578,"IXT",100
"364",4,19,27.6525,1.43139582005902,14.44641,42.61537,1.08333333333333,1,-0.348062486725686,"IXT",100
"365",5,19,27.6525,1.43139582005902,47.10243,18.59212,1.08333333333333,1,-0.348062486725686,"IXT",100
"366",6,13,27.6525,0.979376087408803,49.20992,42.05153,1.08333333333333,1,0.103957245924531,"IXT",100
"367",7,8,27.6525,0.602692976866955,10.05336,49.39608,1.08333333333333,1,0.480640356466378,"IXT",100
"368",8,17,27.6525,1.28072257584228,48.00961,47.73872,1.08333333333333,1,-0.197389242508947,"IXT",100
"369",9,15,27.6525,1.13004933162554,29.55232,14.99711,1.08333333333333,1,-0.0467159982922083,"IXT",100
"370",10,13,27.6525,0.979376087408803,35.05731,19.57924,1.08333333333333,1,0.103957245924531,"IXT",100
"371",11,14,27.6525,1.05471270951717,33.64175,28.07444,1.08333333333333,1,0.0286206238161613,"IXT",100
"372",12,13,27.6525,0.979376087408803,20.83981,40.40588,1.08333333333333,1,0.103957245924531,"IXT",100
"373",13,11,27.6525,0.828702843192064,15.77016,49.5794,1.08333333333333,1,0.254630490141269,"IXT",100
"374",14,20,27.6525,1.50673244216739,14.1429,29.76524,1.08333333333333,1,-0.423399108834055,"IXT",100
"375",15,8,27.6525,0.602692976866955,37.70383,37.59499,1.08333333333333,1,0.480640356466378,"IXT",100
"376",1,40,27.6525,3.01346488433478,18.0755244303611,54.8899730045124,0.541664694280079,1,-2.4718001900547,"IXT",2.5
"377",2,30,27.6525,2.26009866325108,16.8679629886218,53.6777410600995,0.541664694280079,1,-1.718433968971,"IXT",2.5
"378",3,26,27.6525,1.95875217481761,18.047244975268,54.16701653604,0.541664694280079,1,-1.41708748053753,"IXT",2.5
"379",4,42,27.6525,3.16413812855152,15.1974216085997,53.806257684663,0.541664694280079,1,-2.62247343427144,"IXT",2.5
"380",5,31,27.6525,2.33543528535945,17.9832877481303,54.3061250548198,0.541664694280079,1,-1.79377059107937,"IXT",2.5
"381",6,39,27.6525,2.93812826222641,10.8049368817905,18.139507210709,0.541664694280079,1,-2.39646356794633,"IXT",2.5
"382",7,29,27.6525,2.18476204114271,14.052752480281,52.5484811774612,0.541664694280079,1,-1.64309734686263,"IXT",2.5
"383",8,34,27.6525,2.56144515168456,13.2529381256932,53.4090982812807,0.541664694280079,1,-2.01978045740448,"IXT",2.5
"384",9,29,27.6525,2.18476204114271,19.2597391600302,52.929474489486,0.541664694280079,1,-1.64309734686263,"IXT",2.5
"385",10,28,27.6525,2.10942541903434,17.2454012310175,54.4569711634914,0.541664694280079,1,-1.56776072475427,"IXT",2.5
"386",11,33,27.6525,2.48610852957619,12.4492747564744,53.1228697493805,0.541664694280079,1,-1.94444383529611,"IXT",2.5
"387",12,35,27.6525,2.63678177379293,16.9820228673852,53.4904554282743,0.541664694280079,1,-2.09511707951285,"IXT",2.5
"388",13,44,27.6525,3.31481137276826,19.1526073780504,54.7395548722391,0.541664694280079,1,-2.77314667848818,"IXT",2.5
"389",14,29,27.6525,2.18476204114271,19.2597391600302,52.929474489486,0.541664694280079,1,-1.64309734686263,"IXT",2.5
"390",15,46,27.6525,3.46548461698499,13.2190550807816,54.8144116004795,0.541664694280079,1,-2.92381992270492,"IXT",2.5
"391",1,58,27.6525,4.36952408228543,23.5717319705613,46.8228932233258,0.541664694280079,1,-3.82785938800535,"IXT",5
"392",2,10,27.6525,0.753366221083694,13.4190264005733,33.5418365785479,0.541664694280079,1,-0.211701526803615,"IXT",5
"393",3,33,27.6525,2.48610852957619,32.4785376973225,40.7603442374472,0.541664694280079,1,-1.94444383529611,"IXT",5
"394",4,51,27.6525,3.84216772752684,19.9122867912928,43.3848724326783,0.541664694280079,1,-3.30050303324676,"IXT",5
"395",5,62,27.6525,4.67087057071891,28.9271853583253,38.3108583060002,0.541664694280079,1,-4.12920587643883,"IXT",5
"396",6,57,27.6525,4.29418746017706,30.1456439022037,37.1905893694615,0.541664694280079,1,-3.75252276589698,"IXT",5
"397",7,61,27.6525,4.59553394861054,20.7605475682933,41.1435639901709,0.541664694280079,1,-4.05386925433046,"IXT",5
"398",8,51,27.6525,3.84216772752684,26.812133086797,36.5868523535235,0.541664694280079,1,-3.30050303324676,"IXT",5
"399",9,57,27.6525,4.29418746017706,25.8875486152984,47.8860263118981,0.541664694280079,1,-3.75252276589698,"IXT",5
"400",10,14,27.6525,1.05471270951717,44.0324774172257,43.2366045590934,0.541664694280079,1,-0.513048015237093,"IXT",5
"401",11,57,27.6525,4.29418746017706,31.246663274249,36.878412345317,0.541664694280079,1,-3.75252276589698,"IXT",5
"402",12,52,27.6525,3.91750434963521,22.6906446857287,47.133991367876,0.541664694280079,1,-3.37583965535513,"IXT",5
"403",13,54,27.6525,4.06817759385195,22.0351177071647,45.0600268604734,0.541664694280079,1,-3.52651289957187,"IXT",5
"404",14,49,27.6525,3.6914944833101,19.1376710125825,44.2254849882151,0.541664694280079,1,-3.14982978903002,"IXT",5
"405",15,24,27.6525,1.80807893060087,36.2257632003577,48.8774657096778,0.541664694280079,1,-1.26641423632079,"IXT",5
"406",1,26,27.6525,1.95875217481761,23.0099059720929,23.6977967759159,0.541664694280079,1,-1.41708748053753,"IXT",10
"407",2,36,27.6525,2.7121183959013,13.4489989962057,26.8181086824475,0.541664694280079,1,-2.17045370162122,"IXT",10
"408",3,6,27.6525,0.452019732650217,32.9650649794934,10.3886446076553,0.541664694280079,1,0.0896449616298623,"IXT",10
"409",4,12,27.6525,0.904039465300433,24.3506858814182,11.9744035357623,0.541664694280079,1,-0.362374771020354,"IXT",10
"410",5,37,27.6525,2.78745501800967,10.2521681422259,30.6540632622492,0.541664694280079,1,-2.24579032372959,"IXT",10
"411",6,28,27.6525,2.10942541903434,18.1131379240245,20.5880823102129,0.541664694280079,1,-1.56776072475427,"IXT",10
"412",7,38,27.6525,2.86279164011804,17.7609409785159,19.0361373469614,0.541664694280079,1,-2.32112694583796,"IXT",10
"413",8,34,27.6525,2.56144515168456,14.2704623346198,29.6912448365424,0.541664694280079,1,-2.01978045740448,"IXT",10
"414",9,40,27.6525,3.01346488433478,14.5549469951202,25.441032460232,0.541664694280079,1,-2.4718001900547,"IXT",10
"415",10,29,27.6525,2.18476204114271,17.1091152352572,22.5374000568874,0.541664694280079,1,-1.64309734686263,"IXT",10
"416",11,20,27.6525,1.50673244216739,11.5314562890288,35.8241954987332,0.541664694280079,1,-0.96506774788731,"IXT",10
"417",12,30,27.6525,2.26009866325108,15.5148775954057,21.8691565957699,0.541664694280079,1,-1.718433968971,"IXT",10
"418",13,17,27.6525,1.28072257584228,20.2213100683675,33.5317258865472,0.541664694280079,1,-0.739057881562202,"IXT",10
"419",14,28,27.6525,2.10942541903434,17.2948905454715,32.7747144287864,0.541664694280079,1,-1.56776072475427,"IXT",10
"420",15,21,27.6525,1.58206906427576,17.5353347089127,35.9580150058531,0.541664694280079,1,-1.04040436999568,"IXT",10
"421",1,12,27.6525,0.904039465300433,34.8932168697282,16.983274763711,0.541664694280079,1,-0.362374771020354,"IXT",20
"422",2,9,27.6525,0.678029598975325,46.0451561576742,38.2340668085076,0.541664694280079,1,-0.136364904695246,"IXT",20
"423",3,12,27.6525,0.904039465300433,47.0743456367767,25.8384024027195,0.541664694280079,1,-0.362374771020354,"IXT",20
"424",4,7,27.6525,0.527356354758586,13.5309487651298,33.8329196343241,0.541664694280079,1,0.0143083395214929,"IXT",20
"425",5,8,27.6525,0.602692976866955,21.9392626683868,17.6787440892134,0.541664694280079,1,-0.0610282825868765,"IXT",20
"426",6,9,27.6525,0.678029598975325,46.5913475486992,11.8210754963114,0.541664694280079,1,-0.136364904695246,"IXT",20
"427",7,10,27.6525,0.753366221083694,53.3767744473425,16.9831363823223,0.541664694280079,1,-0.211701526803615,"IXT",20
"428",8,6,27.6525,0.452019732650217,14.1057509175384,36.8822213239027,0.541664694280079,1,0.0896449616298623,"IXT",20
"429",9,6,27.6525,0.452019732650217,23.1606614395766,52.7473014700663,0.541664694280079,1,0.0896449616298623,"IXT",20
"430",10,16,27.6525,1.20538595373391,49.4639091441192,33.8415642096237,0.541664694280079,1,-0.663721259453832,"IXT",20
"431",11,15,27.6525,1.13004933162554,41.9951427134803,26.0300769637106,0.541664694280079,1,-0.588384637345463,"IXT",20
"432",12,10,27.6525,0.753366221083694,39.2333975660441,46.4665791326724,0.541664694280079,1,-0.211701526803615,"IXT",20
"433",13,16,27.6525,1.20538595373391,39.1123710081055,23.0633243576937,0.541664694280079,1,-0.663721259453832,"IXT",20
"434",14,12,27.6525,0.904039465300433,50.2846712593132,19.9460944558311,0.541664694280079,1,-0.362374771020354,"IXT",20
"435",15,11,27.6525,0.828702843192064,34.9084656448825,30.7474343867987,0.541664694280079,1,-0.287038148911985,"IXT",20
"436",1,10,27.6525,0.753366221083694,43.80838,27.14982,0.541664694280079,1,-0.211701526803615,"IXT",100
"437",2,5,27.6525,0.376683110541847,27.28667,19.23917,0.541664694280079,1,0.164981583738232,"IXT",100
"438",3,7,27.6525,0.527356354758586,33.87792,12.51574,0.541664694280079,1,0.0143083395214929,"IXT",100
"439",4,7,27.6525,0.527356354758586,14.21406,16.01725,0.541664694280079,1,0.0143083395214929,"IXT",100
"440",5,7,27.6525,0.527356354758586,54.77181,25.59796,0.541664694280079,1,0.0143083395214929,"IXT",100
"441",6,12,27.6525,0.904039465300433,11.60307,36.36363,0.541664694280079,1,-0.362374771020354,"IXT",100
"442",7,5,27.6525,0.376683110541847,52.69693,32.50694,0.541664694280079,1,0.164981583738232,"IXT",100
"443",8,6,27.6525,0.452019732650217,50.52811,41.8128,0.541664694280079,1,0.0896449616298623,"IXT",100
"444",9,4,27.6525,0.301346488433478,37.46138,24.4109,0.541664694280079,1,0.240318205846601,"IXT",100
"445",10,6,27.6525,0.452019732650217,15.63234,26.05507,0.541664694280079,1,0.0896449616298623,"IXT",100
"446",11,7,27.6525,0.527356354758586,50.38865,30.21568,0.541664694280079,1,0.0143083395214929,"IXT",100
"447",12,6,27.6525,0.452019732650217,29.1094,37.52909,0.541664694280079,1,0.0896449616298623,"IXT",100
"448",13,5,27.6525,0.376683110541847,19.33031,49.44434,0.541664694280079,1,0.164981583738232,"IXT",100
"449",14,15,27.6525,1.13004933162554,46.33729,19.53015,0.541664694280079,1,-0.588384637345463,"IXT",100
"450",15,7,27.6525,0.527356354758586,13.9115,36.26374,0.541664694280079,1,0.0143083395214929,"IXT",100
"451",1,12,32,3.125,8.541,5.13496986143338,2.16666666666667,16,-0.958333333333333,"D",2.5
"452",2,24,32,6.25,2.581,15.7208041787501,2.16666666666667,16,-4.08333333333333,"D",2.5
"453",3,19,32,4.94791666666667,2.186,12.9803062988915,2.16666666666667,16,-2.78125,"D",2.5
"454",4,16,32,4.16666666666667,2.657,11.3073850608319,2.16666666666667,16,-2,"D",2.5
"455",5,2,32,0.520833333333333,6.851,4.4327363408641,2.16666666666667,16,1.64583333333333,"D",2.5
"456",1,8,32,2.08333333333333,8.941,13.5073505119774,2.16666666666667,16,0.083333333333333,"D",2.5
"457",2,7,32,1.82291666666667,6.282,8.51329877525615,2.16666666666667,16,0.34375,"D",2.5
"458",3,15,32,3.90625,1.648,15.9444236675748,2.16666666666667,16,-1.73958333333333,"D",2.5
"459",4,4,32,1.04166666666667,7.417,15.719286012359,2.16666666666667,16,1.125,"D",2.5
"460",5,8,32,2.08333333333333,4.721,12.075896116626,2.16666666666667,16,0.083333333333333,"D",2.5
"461",1,11,32,2.86458333333333,0.201,8.5705749753518,2.16666666666667,16,-0.697916666666667,"D",2.5
"462",2,9,32,2.34375,3.766,15.8250859748344,2.16666666666667,16,-0.177083333333333,"D",2.5
"463",3,19,32,4.94791666666667,0.446,10.3602639273279,2.16666666666667,16,-2.78125,"D",2.5
"464",4,8,32,2.08333333333333,4.445,0.0610956365247261,2.16666666666667,16,0.083333333333333,"D",2.5
"465",5,11,32,2.86458333333333,1.668,10.2911962591,2.16666666666667,16,-0.697916666666667,"D",2.5
"466",1,6,32,1.5625,0.4,1.62324373483472,2.16666666666667,16,0.604166666666667,"D",5
"467",2,11,32,2.86458333333333,5.436,6.35125375022227,2.16666666666667,16,-0.697916666666667,"D",5
"468",3,14,32,3.64583333333333,9.074,13.5580208570585,2.16666666666667,16,-1.47916666666667,"D",5
"469",4,5,32,1.30208333333333,1.336,0.788106188015547,2.16666666666667,16,0.864583333333333,"D",5
"470",5,11,32,2.86458333333333,9.15,8.14739480720647,2.16666666666667,16,-0.697916666666667,"D",5
"471",6,11,32,2.86458333333333,9.126,14.3911461807559,2.16666666666667,16,-0.697916666666667,"D",5
"472",7,10,32,2.60416666666667,9.574,4.06974344532983,2.16666666666667,16,-0.4375,"D",5
"473",8,8,32,2.08333333333333,7.986,10.9153439435298,2.16666666666667,16,0.083333333333333,"D",5
"474",9,16,32,4.16666666666667,5.382,8.55333879637811,2.16666666666667,16,-2,"D",5
"475",10,12,32,3.125,6.524,1.78567498882813,2.16666666666667,16,-0.958333333333333,"D",5
"476",11,19,32,4.94791666666667,3.31,14.5464537739875,2.16666666666667,16,-2.78125,"D",5
"477",12,8,32,2.08333333333333,2.104,15.2230949236085,2.16666666666667,16,0.083333333333333,"D",5
"478",13,6,32,1.5625,9.766,10.1184790286473,2.16666666666667,16,0.604166666666667,"D",5
"479",14,12,32,3.125,5.854,13.7868068107176,2.16666666666667,16,-0.958333333333333,"D",5
"480",15,4,32,1.04166666666667,9.588,3.61435995106632,2.16666666666667,16,1.125,"D",5
"481",1,6,32,1.5625,5.016,2.52843100974616,2.16666666666667,16,0.604166666666667,"D",10
"482",2,13,32,3.38541666666667,4.73,15.997123874445,2.16666666666667,16,-1.21875,"D",10
"483",3,5,32,1.30208333333333,8.916,11.2481917774542,2.16666666666667,16,0.864583333333333,"D",10
"484",4,4,32,1.04166666666667,8.152,1.30703401101101,2.16666666666667,16,1.125,"D",10
"485",5,10,32,2.60416666666667,6.044,8.66963656958006,2.16666666666667,16,-0.4375,"D",10
"486",6,8,32,2.08333333333333,1.47,4.49013253459754,2.16666666666667,16,0.083333333333333,"D",10
"487",7,12,32,3.125,2.976,1.26844410250243,2.16666666666667,16,-0.958333333333333,"D",10
"488",8,4,32,1.04166666666667,5.27,6.67942008051369,2.16666666666667,16,1.125,"D",10
"489",9,6,32,1.5625,7.218,11.406786231569,2.16666666666667,16,0.604166666666667,"D",10
"490",10,7,32,1.82291666666667,4.508,0.0540654697809372,2.16666666666667,16,0.34375,"D",10
"491",11,8,32,2.08333333333333,5.122,0.0144704107199799,2.16666666666667,16,0.083333333333333,"D",10
"492",12,7,32,1.82291666666667,8.496,14.9706207162356,2.16666666666667,16,0.34375,"D",10
"493",13,10,32,2.60416666666667,9.964,8.51096580987843,2.16666666666667,16,-0.4375,"D",10
"494",14,10,32,2.60416666666667,2.55,12.1324151895945,2.16666666666667,16,-0.4375,"D",10
"495",15,7,32,1.82291666666667,3.874,0.440733115724754,2.16666666666667,16,0.34375,"D",10
"496",1,8,32,2.08333333333333,4.342,4.20180114470469,2.16666666666667,16,0.083333333333333,"D",20
"497",2,6,32,1.5625,9.04,10.7724240485234,2.16666666666667,16,0.604166666666667,"D",20
"498",3,4,32,1.04166666666667,4.896,10.3691255719289,2.16666666666667,16,1.125,"D",20
"499",4,10,32,2.60416666666667,2.302,3.79171717261244,2.16666666666667,16,-0.4375,"D",20
"500",5,10,32,2.60416666666667,8.208,2.41845889326697,2.16666666666667,16,-0.4375,"D",20
"501",6,5,32,1.30208333333333,6.424,3.82004773670388,2.16666666666667,16,0.864583333333333,"D",20
"502",7,4,32,1.04166666666667,9.274,6.07654668729566,2.16666666666667,16,1.125,"D",20
"503",8,10,32,2.60416666666667,4.646,9.12260108820675,2.16666666666667,16,-0.4375,"D",20
"504",9,9,32,2.34375,3.764,9.60897358356789,2.16666666666667,16,-0.177083333333333,"D",20
"505",10,5,32,1.30208333333333,5.566,0.0367574648819868,2.16666666666667,16,0.864583333333333,"D",20
"506",11,8,32,2.08333333333333,3.466,10.8530936467699,2.16666666666667,16,0.083333333333333,"D",20
"507",12,7,32,1.82291666666667,5.228,13.061230931385,2.16666666666667,16,0.34375,"D",20
"508",13,6,32,1.5625,6.754,10.9512747340025,2.16666666666667,16,0.604166666666667,"D",20
"509",14,10,32,2.60416666666667,2.078,4.23869961774955,2.16666666666667,16,-0.4375,"D",20
"510",15,5,32,1.30208333333333,2.372,15.1783343304535,2.16666666666667,16,0.864583333333333,"D",20
"511",1,8,32,2.08333333333333,8.666,3.98174002814386,2.16666666666667,16,0.083333333333333,"D",100
"512",2,5,32,1.30208333333333,3.032,0.355252727936488,2.16666666666667,16,0.864583333333333,"D",100
"513",3,6,32,1.5625,7.122,0.860447210039012,2.16666666666667,16,0.604166666666667,"D",100
"514",4,4,32,1.04166666666667,9.1,11.4664445446809,2.16666666666667,16,1.125,"D",100
"515",5,7,32,1.82291666666667,2.948,3.90203014820628,2.16666666666667,16,0.34375,"D",100
"516",6,8,32,2.08333333333333,6.298,15.7371104722964,2.16666666666667,16,0.083333333333333,"D",100
"517",7,8,32,2.08333333333333,1.572,8.59165182093903,2.16666666666667,16,0.083333333333333,"D",100
"518",8,5,32,1.30208333333333,6.678,6.8057333441223,2.16666666666667,16,0.864583333333333,"D",100
"519",9,4,32,1.04166666666667,4.404,0.304003091482912,2.16666666666667,16,1.125,"D",100
"520",10,7,32,1.82291666666667,6.262,3.39573535301071,2.16666666666667,16,0.34375,"D",100
"521",11,7,32,1.82291666666667,7.032,0.266170919244644,2.16666666666667,16,0.34375,"D",100
"522",12,3,32,0.78125,7.028,8.27306764946599,2.16666666666667,16,1.38541666666667,"D",100
"523",13,7,32,1.82291666666667,1.588,5.62964354805928,2.16666666666667,16,0.34375,"D",100
"524",14,7,32,1.82291666666667,8.93,3.08024783084448,2.16666666666667,16,0.34375,"D",100
"525",15,9,32,2.34375,4.622,10.672490490438,2.16666666666667,16,-0.177083333333333,"D",100
"526",1,0,32,0,8.884,3.4559505856717,1.08333333333333,16,1.08333333333333,"D",2.5
"527",2,4,32,1.04166666666667,8.761,7.31202447689185,1.08333333333333,16,0.0416666666666665,"D",2.5
"528",3,5,32,1.30208333333333,2.793,13.9468746232572,1.08333333333333,16,-0.21875,"D",2.5
"529",4,0,32,0,6.37,9.03533746972727,1.08333333333333,16,1.08333333333333,"D",2.5
"530",5,5,32,1.30208333333333,2.171,8.50609179430222,1.08333333333333,16,-0.21875,"D",2.5
"531",1,0,32,0,3.379,4.96657329106284,1.08333333333333,16,1.08333333333333,"D",2.5
"532",2,3,32,0.78125,5.619,2.66003696324816,1.08333333333333,16,0.302083333333333,"D",2.5
"533",3,25,32,6.51041666666667,1.217,1.31745393086504,1.08333333333333,16,-5.42708333333333,"D",2.5
"534",4,13,32,3.38541666666667,0.686,11.1977272811467,1.08333333333333,16,-2.30208333333333,"D",2.5
"535",5,3,32,0.78125,8.737,12.8632413344579,1.08333333333333,16,0.302083333333333,"D",2.5
"536",1,3,32,0.78125,5.892,11.1993461945215,1.08333333333333,16,0.302083333333333,"D",2.5
"537",2,4,32,1.04166666666667,3.111,10.4505093356832,1.08333333333333,16,0.0416666666666665,"D",2.5
"538",3,9,32,2.34375,3.508,2.0043641976784,1.08333333333333,16,-1.26041666666667,"D",2.5
"539",4,3,32,0.78125,7.055,14.0909581633289,1.08333333333333,16,0.302083333333333,"D",2.5
"540",5,3,32,0.78125,3.75,10.5308819179893,1.08333333333333,16,0.302083333333333,"D",2.5
"541",1,4,32,1.04166666666667,6.04,2.07744797332026,1.08333333333333,16,0.0416666666666665,"D",5
"542",2,5,32,1.30208333333333,1.152,13.0832909378344,1.08333333333333,16,-0.21875,"D",5
"543",3,7,32,1.82291666666667,2.446,9.87347820210317,1.08333333333333,16,-0.739583333333333,"D",5
"544",4,4,32,1.04166666666667,7.999,6.17630091514485,1.08333333333333,16,0.0416666666666665,"D",5
"545",5,10,32,2.60416666666667,0.495,5.994774275064,1.08333333333333,16,-1.52083333333333,"D",5
"546",6,5,32,1.30208333333333,3.097,4.38283146552322,1.08333333333333,16,-0.21875,"D",5
"547",7,2,32,0.520833333333333,2.545,11.9912660170351,1.08333333333333,16,0.5625,"D",5
"548",8,5,32,1.30208333333333,8.13,11.9118943099286,1.08333333333333,16,-0.21875,"D",5
"549",9,3,32,0.78125,6.54,9.3651242646277,1.08333333333333,16,0.302083333333333,"D",5
"550",10,0,32,0,1.346,13.9268280847003,1.08333333333333,16,1.08333333333333,"D",5
"551",11,5,32,1.30208333333333,6.342,13.4323456841642,1.08333333333333,16,-0.21875,"D",5
"552",12,4,32,1.04166666666667,7.884,3.11926983752102,1.08333333333333,16,0.0416666666666665,"D",5
"553",13,2,32,0.520833333333333,1.793,5.81683983550221,1.08333333333333,16,0.5625,"D",5
"554",14,3,32,0.78125,8.401,13.8335523895924,1.08333333333333,16,0.302083333333333,"D",5
"555",15,2,32,0.520833333333333,8.362,2.50024472178239,1.08333333333333,16,0.5625,"D",5
"556",1,7,32,1.82291666666667,5.775,12.2078699736861,1.08333333333333,16,-0.739583333333333,"D",10
"557",2,7,32,1.82291666666667,7.561,7.01229723276384,1.08333333333333,16,-0.739583333333333,"D",10
"558",3,5,32,1.30208333333333,7.609,14.5882957654661,1.08333333333333,16,-0.21875,"D",10
"559",4,4,32,1.04166666666667,2.514,11.3073869714984,1.08333333333333,16,0.0416666666666665,"D",10
"560",5,6,32,1.5625,3.079,13.3789406986446,1.08333333333333,16,-0.479166666666667,"D",10
"561",6,7,32,1.82291666666667,4.172,2.93509181665769,1.08333333333333,16,-0.739583333333333,"D",10
"562",7,0,32,0,0.586,3.41963300820254,1.08333333333333,16,1.08333333333333,"D",10
"563",8,5,32,1.30208333333333,5.069,10.690594607627,1.08333333333333,16,-0.21875,"D",10
"564",9,4,32,1.04166666666667,6.608,12.7516067943773,1.08333333333333,16,0.0416666666666665,"D",10
"565",10,3,32,0.78125,0.408,7.47315192235448,1.08333333333333,16,0.302083333333333,"D",10
"566",11,3,32,0.78125,7.627,4.799222994084,1.08333333333333,16,0.302083333333333,"D",10
"567",12,3,32,0.78125,8.297,3.88730314724427,1.08333333333333,16,0.302083333333333,"D",10
"568",13,2,32,0.520833333333333,3.37,3.62755426457198,1.08333333333333,16,0.5625,"D",10
"569",14,3,32,0.78125,5.052,13.544498919114,1.08333333333333,16,0.302083333333333,"D",10
"570",15,4,32,1.04166666666667,3.369,11.3122904151217,1.08333333333333,16,0.0416666666666665,"D",10
"571",1,2,32,0.520833333333333,5.676,10.7431619418324,1.08333333333333,16,0.5625,"D",20
"572",2,3,32,0.78125,8.37,16.1086220837436,1.08333333333333,16,0.302083333333333,"D",20
"573",3,3,32,0.78125,2.326,4.710821008089,1.08333333333333,16,0.302083333333333,"D",20
"574",4,6,32,1.5625,8.205,6.05086146174045,1.08333333333333,16,-0.479166666666667,"D",20
"575",5,10,32,2.60416666666667,6.512,13.6341679493901,1.08333333333333,16,-1.52083333333333,"D",20
"576",1,6,32,1.5625,1.05,13.7084830417419,1.08333333333333,16,-0.479166666666667,"D",20
"577",2,3,32,0.78125,5.906,0.135430062551052,1.08333333333333,16,0.302083333333333,"D",20
"578",3,2,32,0.520833333333333,0.971,6.92608547211904,1.08333333333333,16,0.5625,"D",20
"579",4,5,32,1.30208333333333,7.454,5.43271266466519,1.08333333333333,16,-0.21875,"D",20
"580",5,7,32,1.82291666666667,2.652,14.71964229208,1.08333333333333,16,-0.739583333333333,"D",20
"581",1,5,32,1.30208333333333,3.66,9.20899208828388,1.08333333333333,16,-0.21875,"D",20
"582",2,4,32,1.04166666666667,2.235,2.16644170596311,1.08333333333333,16,0.0416666666666665,"D",20
"583",3,3,32,0.78125,1.773,8.59897555685649,1.08333333333333,16,0.302083333333333,"D",20
"584",4,4,32,1.04166666666667,8.601,6.80910402083583,1.08333333333333,16,0.0416666666666665,"D",20
"585",5,4,32,1.04166666666667,7.555,1.27972770413663,1.08333333333333,16,0.0416666666666665,"D",20
"586",1,4,32,1.04166666666667,4.666,14.4744077664339,1.08333333333333,16,0.0416666666666665,"D",100
"587",2,5,32,1.30208333333333,6.099,8.33334886633139,1.08333333333333,16,-0.21875,"D",100
"588",3,7,32,1.82291666666667,2.765,6.44219547732547,1.08333333333333,16,-0.739583333333333,"D",100
"589",4,2,32,0.520833333333333,1.379,6.15651442775317,1.08333333333333,16,0.5625,"D",100
"590",5,8,32,2.08333333333333,2.433,15.3455776149761,1.08333333333333,16,-1,"D",100
"591",1,6,32,1.5625,5.746,13.9176960978196,1.08333333333333,16,-0.479166666666667,"D",100
"592",2,5,32,1.30208333333333,6.913,9.80472649757331,1.08333333333333,16,-0.21875,"D",100
"593",3,5,32,1.30208333333333,5.969,12.1219476733361,1.08333333333333,16,-0.21875,"D",100
"594",4,7,32,1.82291666666667,4.018,3.35206680222228,1.08333333333333,16,-0.739583333333333,"D",100
"595",5,2,32,0.520833333333333,2.339,7.03359344556276,1.08333333333333,16,0.5625,"D",100
"596",1,4,32,1.04166666666667,1.957,14.2680719848843,1.08333333333333,16,0.0416666666666665,"D",100
"597",2,3,32,0.78125,3.81,5.20144682861911,1.08333333333333,16,0.302083333333333,"D",100
"598",3,3,32,0.78125,3.713,2.5260538039268,1.08333333333333,16,0.302083333333333,"D",100
"599",4,6,32,1.5625,5.662,12.4873138625529,1.08333333333333,16,-0.479166666666667,"D",100
"600",5,5,32,1.30208333333333,8.117,9.89956078574806,1.08333333333333,16,-0.21875,"D",100
"601",1,11,32,2.86458333333333,1.539,16.1392355688852,0.541664694280079,16,-2.32291863905325,"D",2.5
"602",2,0,32,0,7.024,8.47252660944406,0.541664694280079,16,0.541664694280079,"D",2.5
"603",3,4,32,1.04166666666667,0.397,4.3751135042524,0.541664694280079,16,-0.500001972386588,"D",2.5
"604",4,7,32,1.82291666666667,1.034,11.7289121922343,0.541664694280079,16,-1.28125197238659,"D",2.5
"605",5,5,32,1.30208333333333,3.644,14.3800077481549,0.541664694280079,16,-0.760418639053254,"D",2.5
"606",1,5,32,1.30208333333333,3.958,11.5644550112896,0.541664694280079,16,-0.760418639053254,"D",2.5
"607",2,3,32,0.78125,3.918,10.7969122169428,0.541664694280079,16,-0.239585305719921,"D",2.5
"608",3,3,32,0.78125,4.708,14.6678885045233,0.541664694280079,16,-0.239585305719921,"D",2.5
"609",4,0,32,0,8.441,15.6024944926733,0.541664694280079,16,0.541664694280079,"D",2.5
"610",5,2,32,0.520833333333333,2.103,6.99560338038765,0.541664694280079,16,0.0208313609467455,"D",2.5
"611",1,5,32,1.30208333333333,3.868,14.3934629035769,0.541664694280079,16,-0.760418639053254,"D",2.5
"612",2,0,32,0,6.125,7.09873688105773,0.541664694280079,16,0.541664694280079,"D",2.5
"613",3,0,32,0,7.501,3.91720141884917,0.541664694280079,16,0.541664694280079,"D",2.5
"614",4,4,32,1.04166666666667,3.452,1.9389465796533,0.541664694280079,16,-0.500001972386588,"D",2.5
"615",5,8,32,2.08333333333333,2.099,11.1577184436149,0.541664694280079,16,-1.54166863905325,"D",2.5
"616",1,4,32,1.04166666666667,3.838,9.49422541005816,0.541664694280079,16,-0.500001972386588,"D",5
"617",2,4,32,1.04166666666667,6.908,15.0259974263147,0.541664694280079,16,-0.500001972386588,"D",5
"618",3,2,32,0.520833333333333,7.255,15.2910999661665,0.541664694280079,16,0.0208313609467455,"D",5
"619",4,2,32,0.520833333333333,2.686,0.0112091981694106,0.541664694280079,16,0.0208313609467455,"D",5
"620",5,2,32,0.520833333333333,1.708,12.0643060932755,0.541664694280079,16,0.0208313609467455,"D",5
"621",1,0,32,0,5.805,15.3118747524107,0.541664694280079,16,0.541664694280079,"D",5
"622",2,3,32,0.78125,6.602,15.4263211011542,0.541664694280079,16,-0.239585305719921,"D",5
"623",3,5,32,1.30208333333333,6.143,4.18375911471713,0.541664694280079,16,-0.760418639053254,"D",5
"624",4,2,32,0.520833333333333,6.446,7.94689731487352,0.541664694280079,16,0.0208313609467455,"D",5
"625",5,2,32,0.520833333333333,8.183,15.1677894378784,0.541664694280079,16,0.0208313609467455,"D",5
"626",1,2,32,0.520833333333333,8.493,1.4878671396994,0.541664694280079,16,0.0208313609467455,"D",5
"627",2,5,32,1.30208333333333,7.967,4.83304078418342,0.541664694280079,16,-0.760418639053254,"D",5
"628",3,3,32,0.78125,1.419,1.80301113160141,0.541664694280079,16,-0.239585305719921,"D",5
"629",4,0,32,0,0.739,3.75225792977773,0.541664694280079,16,0.541664694280079,"D",5
"630",5,5,32,1.30208333333333,7.75,6.6992879206785,0.541664694280079,16,-0.760418639053254,"D",5
"631",1,4,32,1.04166666666667,4.238,6.15272125917301,0.541664694280079,16,-0.500001972386588,"D",10
"632",2,0,32,0,0.899,2.88038326096768,0.541664694280079,16,0.541664694280079,"D",10
"633",3,0,32,0,7.605,7.66512913240632,0.541664694280079,16,0.541664694280079,"D",10
"634",4,4,32,1.04166666666667,7.899,13.6636625558143,0.541664694280079,16,-0.500001972386588,"D",10
"635",5,3,32,0.78125,1.562,11.7592890801146,0.541664694280079,16,-0.239585305719921,"D",10
"636",1,3,32,0.78125,6.911,12.6748924270626,0.541664694280079,16,-0.239585305719921,"D",10
"637",2,3,32,0.78125,6.24,0.814601225906983,0.541664694280079,16,-0.239585305719921,"D",10
"638",3,0,32,0,5.934,12.3780220265738,0.541664694280079,16,0.541664694280079,"D",10
"639",4,3,32,0.78125,2.883,6.54931973218964,0.541664694280079,16,-0.239585305719921,"D",10
"640",5,3,32,0.78125,0.293,7.98330148526048,0.541664694280079,16,-0.239585305719921,"D",10
"641",1,3,32,0.78125,3.667,13.5584369926485,0.541664694280079,16,-0.239585305719921,"D",10
"642",2,0,32,0,1.205,14.1145034764898,0.541664694280079,16,0.541664694280079,"D",10
"643",3,2,32,0.520833333333333,3.531,10.0597766125114,0.541664694280079,16,0.0208313609467455,"D",10
"644",4,3,32,0.78125,1.156,14.3118282636399,0.541664694280079,16,-0.239585305719921,"D",10
"645",5,3,32,0.78125,5.763,8.30449721241649,0.541664694280079,16,-0.239585305719921,"D",10
"646",1,5,32,1.30208333333333,2.172,15.674786874047,0.541664694280079,16,-0.760418639053254,"D",20
"647",2,2,32,0.520833333333333,4.024,10.8498740526969,0.541664694280079,16,0.0208313609467455,"D",20
"648",3,4,32,1.04166666666667,0.897,3.34390650842153,0.541664694280079,16,-0.500001972386588,"D",20
"649",4,3,32,0.78125,8.526,9.21514014761243,0.541664694280079,16,-0.239585305719921,"D",20
"650",5,2,32,0.520833333333333,3.668,9.40629606997874,0.541664694280079,16,0.0208313609467455,"D",20
"651",1,2,32,0.520833333333333,0.357,7.29081344576599,0.541664694280079,16,0.0208313609467455,"D",20
"652",2,3,32,0.78125,6.253,13.1214788950868,0.541664694280079,16,-0.239585305719921,"D",20
"653",3,3,32,0.78125,1.381,8.96282874037325,0.541664694280079,16,-0.239585305719921,"D",20
"654",4,3,32,0.78125,3.935,11.8257822936405,0.541664694280079,16,-0.239585305719921,"D",20
"655",5,3,32,0.78125,3.799,7.28942301026592,0.541664694280079,16,-0.239585305719921,"D",20
"656",1,4,32,1.04166666666667,1.2,4.10042535881558,0.541664694280079,16,-0.500001972386588,"D",20
"657",2,0,32,0,8.938,6.61095292151487,0.541664694280079,16,0.541664694280079,"D",20
"658",3,2,32,0.520833333333333,1.977,5.64361258952459,0.541664694280079,16,0.0208313609467455,"D",20
"659",4,3,32,0.78125,5.124,0.477641747461632,0.541664694280079,16,-0.239585305719921,"D",20
"660",5,6,32,1.5625,0.178,5.43576695014536,0.541664694280079,16,-1.02083530571992,"D",20
"661",1,0,32,0,5.006,2.12279570860602,0.541664694280079,16,0.541664694280079,"D",100
"662",2,2,32,0.520833333333333,8.132,6.42797757628188,0.541664694280079,16,0.0208313609467455,"D",100
"663",3,3,32,0.78125,1.172,14.6031349660601,0.541664694280079,16,-0.239585305719921,"D",100
"664",4,3,32,0.78125,4.016,7.02858055669395,0.541664694280079,16,-0.239585305719921,"D",100
"665",5,2,32,0.520833333333333,3.755,5.08969534061663,0.541664694280079,16,0.0208313609467455,"D",100
"666",1,6,32,1.5625,3.734,9.63763162075821,0.541664694280079,16,-1.02083530571992,"D",100
"667",2,2,32,0.520833333333333,2.879,10.4899388704919,0.541664694280079,16,0.0208313609467455,"D",100
"668",3,3,32,0.78125,3.222,14.1521145524578,0.541664694280079,16,-0.239585305719921,"D",100
"669",4,0,32,0,3.658,7.39185509581631,0.541664694280079,16,0.541664694280079,"D",100
"670",5,3,32,0.78125,8.004,10.5809662219374,0.541664694280079,16,-0.239585305719921,"D",100
"671",1,2,32,0.520833333333333,1.869,8.16799000971997,0.541664694280079,16,0.0208313609467455,"D",100
"672",2,2,32,0.520833333333333,7.65,0.343610537716188,0.541664694280079,16,0.0208313609467455,"D",100
"673",3,5,32,1.30208333333333,7.495,4.13265868050559,0.541664694280079,16,-0.760418639053254,"D",100
"674",4,2,32,0.520833333333333,6.385,10.7641006367751,0.541664694280079,16,0.0208313609467455,"D",100
"675",5,3,32,0.78125,5.469,10.0145490865228,0.541664694280079,16,-0.239585305719921,"D",100
